{
  "dur": {
    "mean": 0.49805826063608905,
    "std": 0.49835432381155975,
    "median": 0.3454667253422359,
    "q95": 1.4903346148173051
  },
  "proto": {
    "mean": 0.49806,
    "std": 0.6663070731294349,
    "median": 0.0,
    "q95": 2.0
  },
  "state": {
    "mean": 0.7566,
    "std": 0.8901080192008816,
    "median": 1.0,
    "q95": 3.0
  },
  "sbytes": {
    "mean": 1229.16772,
    "std": 3564.5921600114852,
    "median": 400.0,
    "q95": 4711.049999999996
  },
  "dbytes": {
    "mean": 738.164,
    "std": 1916.5117022043185,
    "median": 245.0,
    "q95": 2845.0999999999913
  },
  "sttl": {
    "mean": 108.15768,
    "std": 56.834449941136945,
    "median": 64.0,
    "q95": 255.0
  },
  "dttl": {
    "mean": 108.8193,
    "std": 57.534110673476306,
    "median": 64.0,
    "q95": 255.0
  },
  "sloss": {
    "mean": 0.49826,
    "std": 0.7091170773155776,
    "median": 0.0,
    "q95": 2.0
  },
  "dloss": {
    "mean": 0.30072,
    "std": 0.5466383245521278,
    "median": 0.0,
    "q95": 1.0
  },
  "sload": {
    "mean": 10063.310662189277,
    "std": 10096.566927385853,
    "median": 6923.951349238379,
    "q95": 30384.686835975153
  },
  "dload": {
    "mean": 7954.842069809268,
    "std": 8017.083869964165,
    "median": 5504.872966633533,
    "q95": 23945.850214207145
  },
  "spkts": {
    "mean": 5.0222,
    "std": 2.2500329804179002,
    "median": 5.0,
    "q95": 9.0
  },
  "dpkts": {
    "mean": 3.99242,
    "std": 2.0082338518369998,
    "median": 4.0,
    "q95": 8.0
  },
  "sjit": {
    "mean": 1.9887079214777916,
    "std": 1.98821943179677,
    "median": 1.3747219946190463,
    "q95": 5.994981280271797
  },
  "djit": {
    "mean": 2.0058583150871567,
    "std": 2.021017580920233,
    "median": 1.377358150011171,
    "q95": 6.017019268443533
  },
  "tcprtt": {
    "mean": 0.049849735150358676,
    "std": 0.04995508432203987,
    "median": 0.034646364223204495,
    "q95": 0.14951448679606236
  },
  "synack": {
    "mean": 0.029956525305127307,
    "std": 0.029654504077658694,
    "median": 0.02082520996052525,
    "q95": 0.08887446416943537
  },
  "ackdat": {
    "mean": 0.019914609681629523,
    "std": 0.01992121608632103,
    "median": 0.01383464354877055,
    "q95": 0.05990371295154013
  },
  "ct_srv_src": {
    "mean": 5.00728,
    "std": 2.578961035456032,
    "median": 5.0,
    "q95": 9.0
  },
  "ct_srv_dst": {
    "mean": 5.01568,
    "std": 2.578667704094997,
    "median": 5.0,
    "q95": 9.0
  },
  "ct_dst_ltm": {
    "mean": 2.49252,
    "std": 1.1153514826181905,
    "median": 2.0,
    "q95": 4.0
  },
  "ct_src_ltm": {
    "mean": 2.50338,
    "std": 1.1191843579466885,
    "median": 3.0,
    "q95": 4.0
  },
  "ct_src_dport_ltm": {
    "mean": 2.49794,
    "std": 1.1181684857011702,
    "median": 2.0,
    "q95": 4.0
  },
  "ct_dst_sport_ltm": {
    "mean": 2.50224,
    "std": 1.1175240308821963,
    "median": 3.0,
    "q95": 4.0
  },
  "ct_dst_src_ltm": {
    "mean": 2.49364,
    "std": 1.1206536787488603,
    "median": 2.0,
    "q95": 4.0
  },
  "is_sm_ips_ports": {
    "mean": 0.0,
    "std": 0.0,
    "median": 0.0,
    "q95": 0.0
  }
}